employees_per_charger\company_charger_cost_per_kWh,0.08,0.18,0.27999999999999997
1,0.015272128632331928,0.024319788350049155,0.02589299283489582
3,0.015425770825028344,0.024544757415386764,0.025582772229193015
