employees_per_charger\company_charger_cost_per_kWh,0.08,0.18,0.27999999999999997
1,2.3846046659624447,2.0608519038313085,0.2338657982161237
3,7.104363952231832,5.931449003542461,0.7087839523551565
