employees_per_charger\company_charger_cost_per_kWh,0.08,0.18,0.27999999999999997
1,112.72780808762286,219.35011827923017,32.0057985329344
3,336.575945364171,631.1274390152465,99.51773905659432
