employees_per_charger\company_charger_cost_per_kWh,0.08,0.18,0.27999999999999997
1,35364.66197036349,67946.65513915426,10299.714910331471
3,35313.4076273605,66678.29116212812,10194.31994731051
