employees_per_charger\company_charger_cost_per_kWh,0.08,0.18,0.27999999999999997
1,442058.2746295425,377481.4174397455,36784.696108326585
3,441417.59534200525,370434.9509007107,36408.28552610896
