employees_per_charger\company_charger_cost_per_kWh,0.08,0.18,0.27999999999999997
1,236.59894999302736,67652.42189865574,69521.31173696727
3,219.54798991720946,69158.54598311111,71743.93140177139
