employees_per_charger\company_charger_cost_per_kWh,0.08,0.18,0.27999999999999997
1,0.0,6330.074629343295,0.0
3,0.0,6877.50014467938,0.0
