employees_per_charger\company_charger_cost_per_kWh,0.08,0.18,0.27999999999999997
1,0.01549714366585625,0.02190612267266316,0.022598855420755667
3,0.015263262750785184,0.02507030641069772,0.024046082363369806
