employees_per_charger\company_charger_cost_per_kWh,0.08,0.18,0.27999999999999997
1,11.21900130490957,10.55002273284781,3424.9200536407784
3,34.57301859110336,41.58910413453113,3341.9393650862994
