employees_per_charger\company_charger_cost_per_kWh,0.08,0.18,0.27999999999999997
1,0.014204657594859416,0.03389446788649881,0.05478167091521856
3,0.014547639166656473,0.03322570380884384,0.05466298831178405
