employees_per_charger\company_charger_cost_per_kWh,0.08,0.18,0.27999999999999997
1,1.5379909336379487,391.23399065212107,558.9581606585114
3,6.537323105829176,981.7118860962303,485.152912717351
