employees_per_charger\company_charger_cost_per_kWh,0.08,0.18,0.27999999999999997
1,308.880939271431,718.1650982226583,108.09589028227592
3,344.7799659180922,625.2159217724331,75.18728032425187
