employees_per_charger\company_charger_cost_per_kWh,0.08,0.18,0.27999999999999997
1,0.014804133227876297,0.03451750394962963,0.0403316255791659
3,0.015491932417970172,0.03444703092454558,0.03893170078305399
