employees_per_charger\company_charger_cost_per_kWh,0.08,0.18,0.27999999999999997
1,80.57248233688847,214.66724288165557,23.460204319611726
3,199.76371705621165,331.24322002460946,31.98110790534201
