employees_per_charger\company_charger_cost_per_kWh,0.08,0.18,0.27999999999999997
1,2.1785593782216086,2.365092789718782,0.3392921372812886
3,4.716929905328534,3.8520054286043512,0.5583173654566826
