employees_per_charger\company_charger_cost_per_kWh,0.08,0.18,0.27999999999999997
1,0.0,10.54510753023003,0.0
3,0.0,63.40630971276241,0.0
