employees_per_charger\company_charger_cost_per_kWh,0.08,0.18,0.27999999999999997
1,0.014841755265867545,0.03426639617727314,0.03986619997945727
3,0.015443325721413501,0.03331122706221311,0.03853477720328942
