employees_per_charger\company_charger_cost_per_kWh,0.08,0.18,0.27999999999999997
1,3861.011740892908,3989.8061012370185,386.0567510081284
3,4309.749573976183,3473.4217876246394,268.52600115804324
