employees_per_charger\company_charger_cost_per_kWh,0.08,0.18,0.27999999999999997
1,2619.3741393866308,2138.456598791455,343007.9148149145
3,2345.0360012864408,2004.8286403897741,344630.55456458294
