employees_per_charger\company_charger_cost_per_kWh,0.08,0.18,0.27999999999999997
1,208.45403961958746,154.0414859001179,98.5470107031671
3,142.10066689376202,100.3455009184033,152.2051593969425
