employees_per_charger\company_charger_cost_per_kWh,0.08,0.18,0.27999999999999997
1,0.015345211486369418,0.03447299577799723,0.03928313877373719
3,0.01539970033405214,0.03431256054791155,0.03934441544313726
