employees_per_charger\company_charger_cost_per_kWh,0.08,0.18,0.27999999999999997
1,0.01596190782119138,0.03455623155930505,0.053355096464098195
3,0.015626378563689505,0.034300278215412136,0.05377837787992048
