employees_per_charger\company_charger_cost_per_kWh,0.08,0.18,0.27999999999999997
1,0.015350188794962395,0.03388342848909359,0.03870293777811254
3,0.01540513730770543,0.03369314160556864,0.0386797887160397
